tanggal;hari;libur;minggu
01/06/2019;Sabtu;TRUE;1
02/06/2019;Minggu;TRUE;1
03/06/2019;Senin;TRUE;1
04/06/2019;Selasa;TRUE;1
05/06/2019;Rabu;TRUE;1
06/06/2019;Kamis;TRUE;1
07/06/2019;Jumat;TRUE;1
08/06/2019;Sabtu;TRUE;2
09/06/2019;Minggu;TRUE;2
10/06/2019;Senin;FALSE;2
11/06/2019;Selasa;FALSE;2
12/06/2019;Rabu;FALSE;2
13/06/2019;Kamis;FALSE;2
14/06/2019;Jumat;FALSE;2
15/06/2019;Sabtu;TRUE;3
16/06/2019;Minggu;TRUE;3
17/06/2019;Senin;FALSE;3
18/06/2019;Selasa;FALSE;3
19/06/2019;Rabu;FALSE;3
20/06/2019;Kamis;FALSE;3
21/06/2019;Jumat;FALSE;3
22/06/2019;Sabtu;TRUE;4
23/06/2019;Minggu;TRUE;4
24/06/2019;Senin;FALSE;4
25/06/2019;Selasa;FALSE;4
26/06/2019;Rabu;FALSE;4
27/06/2019;Kamis;FALSE;4
28/06/2019;Jumat;FALSE;4
29/06/2019;Sabtu;TRUE;5
30/06/2019;Minggu;TRUE;5
01/07/2019;Senin;FALSE;5
02/07/2019;Selasa;FALSE;5
03/07/2019;Rabu;FALSE;5
04/07/2019;Kamis;FALSE;5
05/07/2019;Jumat;FALSE;5
06/07/2019;Sabtu;TRUE;5
07/07/2019;Minggu;TRUE;5
08/07/2019;Senin;FALSE;6
09/07/2019;Selasa;FALSE;6
10/07/2019;Rabu;FALSE;6
11/07/2019;Kamis;FALSE;6
12/07/2019;Jumat;FALSE;6
13/07/2019;Sabtu;TRUE;6
14/07/2019;Minggu;TRUE;6
15/07/2019;Senin;FALSE;7
16/07/2019;Selasa;FALSE;7
17/07/2019;Rabu;FALSE;7
18/07/2019;Kamis;FALSE;7
19/07/2019;Jumat;FALSE;7
20/07/2019;Sabtu;TRUE;7
21/07/2019;Minggu;TRUE;7
22/07/2019;Senin;FALSE;8
23/07/2019;Selasa;FALSE;8
24/07/2019;Rabu;FALSE;8
25/07/2019;Kamis;FALSE;8
26/07/2019;Jumat;FALSE;8
27/07/2019;Sabtu;TRUE;8
28/07/2019;Minggu;TRUE;8
29/07/2019;Senin;FALSE;9
30/07/2019;Selasa;FALSE;9
31/07/2019;Rabu;FALSE;9
01/08/2019;Kamis;FALSE;9
02/08/2019;Jumat;FALSE;9
03/08/2019;Sabtu;TRUE;9
04/08/2019;Minggu;TRUE;9
05/08/2019;Senin;FALSE;9
06/08/2019;Selasa;FALSE;9
07/08/2019;Rabu;FALSE;9
08/08/2019;Kamis;FALSE;10
09/08/2019;Jumat;FALSE;10
10/08/2019;Sabtu;TRUE;10
11/08/2019;Minggu;TRUE;10
12/08/2019;Senin;FALSE;10
13/08/2019;Selasa;FALSE;10
14/08/2019;Rabu;FALSE;10
15/08/2019;Kamis;FALSE;11
16/08/2019;Jumat;FALSE;11
17/08/2019;Sabtu;TRUE;11
18/08/2019;Minggu;TRUE;11
19/08/2019;Senin;FALSE;11
20/08/2019;Selasa;FALSE;11
21/08/2019;Rabu;FALSE;11
22/08/2019;Kamis;FALSE;12
23/08/2019;Jumat;FALSE;12
24/08/2019;Sabtu;TRUE;12
25/08/2019;Minggu;TRUE;12
26/08/2019;Senin;FALSE;12
27/08/2019;Selasa;FALSE;12
28/08/2019;Rabu;FALSE;12
29/08/2019;Kamis;FALSE;12
30/08/2019;Jumat;FALSE;12
31/08/2019;Sabtu;TRUE;12
