{
    "pekerjaan": [
        {
            "kompetensi": [
                "IF9005",
                "IF9007",
                "IF9009",
                "IF9030"
            ],
            "nama": "Data Scientist",
            "id": "1"
        },
        {
            "kompetensi": [
                "IF9004",
                "IF9010",
                "IF9012",
                "IF9016"
            ],
            "nama": "Web Developer",
            "id": "2"
        },
        {
            "kompetensi": [
                "IF9008",
                "IF9026",
                "IF9027",
                "IF9028"
            ],
            "nama": "System Analyst",
            "id": "3"
        },
        {
            "kompetensi": [
                "IF9017",
                "IF9019",
                "IF9031",
                "IF9033"
            ],
            "nama": "Game & Mobile Developer",
            "id": "4"
        },
        {
            "kompetensi": [
                "IF9014",
                "IF9015",
                "IF9020",
                "IF9032"
            ],
            "nama": "System Security",
            "id": "5"
        },
        {
            "kompetensi": [
                "IF9005",
                "IF9023",
                "IF9024",
                "IF9029"
            ],
            "nama": "Database Administrator",
            "id": "6"
        },
        {
            "kompetensi": [
                "IF9014",
                "IF9018",
                "IF9021",
                "IF9022"
            ],
            "nama": "Network Administrator",
            "id": "7"
        },
        {
            "kompetensi": [
                "IF9005",
                "IF9006",
                "IF9025",
                "IF9013"
            ],
            "nama": "ERP Consultant",
            "id": "8"
        },
        {
            "kompetensi": [
                "IF9001",
                "IF9002",
                "IF9003",
                "IF9011"
            ],
            "nama": "Artificial Intelligence Expert",
            "id": "9"
        }
    ]
}
